EnvID,RecordID,Temperature,Humidity,CO2Level,AQI,NoiseLevel,Timestamp,ProcessedFlag
1,4006,22,45.36,711.73,115,88.49,08:10.5,1
2,4007,23.84,63.59,1163.38,94,88.38,00:10.5,1
3,4008,22.38,67.33,866.68,87,82.18,02:10.5,1
4,4009,23.28,67.28,659.4,142,65.19,52:10.5,1
5,4010,34.35,40.3,891.09,70,69.36,40:10.5,1
6,4011,27.87,59.59,955.8,81,79.74,36:10.5,1
7,4012,30.29,59.02,607.81,72,66.16,07:10.5,1
8,4013,34.85,55.6,460.26,119,74.19,41:10.5,1
9,4014,26.34,49.35,1009.69,125,81.93,05:10.5,1
10,4015,31.91,55.73,847.24,59,67.7,57:10.5,1
11,4016,33.47,61.7,839.77,143,65.25,46:10.5,1
12,4017,27.69,67.15,466.91,72,76.28,34:10.5,1
13,4018,22.4,48.17,982.16,72,87.68,01:10.5,1
14,4019,30.26,56.46,659.61,132,67.75,31:10.5,1
15,4020,28.1,51.72,480.44,87,71.82,29:10.5,1
16,4021,25.62,64.48,1195.41,63,76.86,02:10.5,1
17,4022,32.9,68.17,919.86,111,65.53,12:10.5,1
18,4023,24.52,68.57,1019.87,129,65.06,30:10.5,1
19,4024,29.63,46.21,896.7,128,88.39,40:10.5,1
20,4025,30.29,58.54,815.23,113,75.98,13:10.5,1
21,4026,32,48.58,475.29,108,89.06,48:10.5,1
22,4027,24.96,58.48,1119.71,97,73.69,37:10.5,1
23,4028,28.09,61.32,495.19,89,75.14,38:10.5,1
24,4029,32.68,56.08,793.15,116,70.46,12:10.5,1
25,4030,27.5,46.83,957.87,72,87.71,59:10.5,1
26,4031,26.19,68.52,871.63,84,82.13,09:10.5,1
27,4032,28.84,54,1096.82,89,87.44,31:10.5,1
28,4033,24.59,67.1,781.25,83,66.39,42:10.5,1
29,4034,24.49,47.7,764.74,79,82.51,23:10.5,1
30,4035,22.13,42.1,506.42,111,67.42,36:10.5,1
31,4036,23.92,69.53,717.37,70,65.47,23:10.5,1
32,4037,33.55,59.01,1189.14,89,81.05,04:10.5,1
33,4038,30.2,42.8,709.93,74,82.62,13:10.5,1
34,4039,34.24,56.97,533.24,100,68.25,56:10.5,1
35,4040,31.92,64.42,639.49,84,75.82,30:10.5,1
36,4041,29.13,57.03,470.39,144,70.55,33:10.5,1
37,4042,24.06,52.93,890.84,108,66.14,46:10.5,1
38,4043,26.6,47.87,430.06,92,78.85,12:10.5,1
39,4044,27.13,61.38,1075.67,81,87.8,07:10.5,1
40,4045,33.65,67.01,700.27,112,65.59,20:10.5,1
41,4046,32.8,67.81,1148.32,99,66.18,02:10.5,1
42,4047,22.78,67.44,1022.09,81,79.87,54:10.6,1
43,4048,27.58,44.47,682.64,126,67.55,36:10.6,1
44,4049,27.25,45.52,824.63,107,68.44,31:10.6,1
45,4050,29.8,60.27,701.88,101,81.77,17:10.6,1
46,4051,31.9,45.84,477.61,143,70.74,15:10.6,1
47,4052,23.74,46.84,700.64,54,85.72,02:10.6,1
48,4053,24.5,64.77,414.04,98,75.4,37:10.6,1
49,4054,29.51,46.89,590.57,128,85.83,24:10.6,1
50,4055,26.67,63.7,424.92,69,71.77,49:10.6,1
51,4056,34.74,40.29,833.91,80,75.77,46:10.6,1
52,4057,28.45,56.06,598.01,115,66.87,41:10.6,1
53,4058,24.6,52.19,703.39,130,65.67,12:10.6,1
54,4059,33.76,62.06,467.84,111,74.2,17:10.6,1
55,4060,22.5,41.58,1027.37,68,84.32,02:10.6,1
56,4061,26.39,52.52,1159.64,145,78.37,46:10.6,1
57,4062,33.58,49.34,894.45,58,80.13,41:10.6,1
58,4063,31.97,63.43,971.04,75,89.24,40:10.6,1
59,4064,30.96,58.05,423.22,113,83.06,34:10.6,1
60,4065,31.76,47.93,725.51,85,87.64,18:10.6,1
61,4066,30.1,52.23,507.45,85,88.93,06:10.6,1
62,4067,33.05,48.67,1035.51,146,72.21,29:10.6,1
63,4068,31.53,57.66,840.78,97,83.24,35:10.6,1
64,4069,23.82,54.73,707.06,146,65.67,43:10.6,1
65,4070,27.05,63.08,816.96,121,84.51,07:10.6,1
66,4071,26.74,57.43,1062.48,53,82.79,23:10.6,1
67,4072,29.58,48.96,1163.24,149,78,26:10.6,1
68,4073,22.1,58,479.53,117,73,55:10.6,1
69,4074,33.95,51.6,1112.45,59,89.26,06:10.6,1
70,4075,34.97,50.05,410.67,91,71.45,36:10.6,1
71,4076,33.89,54.95,1123.28,83,69.37,28:10.6,1
72,4077,23.2,46.9,658.31,148,69.67,22:10.6,1
73,4078,33.96,57.67,1067.13,145,67.26,36:10.6,1
74,4079,26.96,42.08,871.19,87,71.9,23:10.6,1
75,4080,31.04,59.92,569.27,66,74.98,54:10.6,1
76,4081,33.44,41.96,775.96,79,84.69,05:10.6,1
77,4082,33.94,40.16,1070.33,82,88.5,13:10.6,1
78,4083,30.67,63.36,953.61,149,66.98,33:10.6,1
79,4084,28.33,59.39,868.11,83,79.67,49:10.6,1
80,4085,22.12,57.01,704.96,80,70.77,10:10.6,1
81,4086,26.96,52.23,916.4,61,84.06,40:10.6,1
82,4087,26.76,57.63,420.44,55,70.52,40:10.6,1
83,4088,28.32,53.33,1004.31,97,83.94,12:10.6,1
84,4089,26.62,46.88,1084.23,69,77.75,54:10.6,1
85,4090,34.02,54.47,439.72,150,76.47,59:10.6,1
86,4091,29.58,55.57,1127.1,76,87.66,21:10.6,1
87,4092,27.82,53.95,512.24,75,73.65,59:10.6,1
88,4093,31.56,61.08,1186.31,141,77.01,00:10.6,1
89,4094,33.73,65.47,866.79,139,74.26,20:10.6,1
90,4095,34.36,40.58,621.63,81,75.86,49:10.6,1
91,4096,27.26,44.44,638.25,87,65.68,49:10.6,1
92,4097,34.57,54.62,979.6,57,78.57,13:10.6,1
93,4098,28.82,56.43,450.07,87,73.52,28:10.6,1
94,4099,24.08,57.57,474.52,148,76.51,24:10.6,1
95,4100,22.63,69.43,1182.16,64,68.07,10:10.6,1
96,4101,32.12,44.1,1042.16,66,78.1,54:10.6,1
97,4102,34.28,67.25,1159.31,135,79.45,06:10.6,1
98,4103,29.84,53.51,791.35,143,86.72,46:10.6,1
99,4104,30.8,54.71,961.24,144,78.69,55:10.6,1
100,4105,34.48,68.84,812.96,112,80.62,52:10.6,1
101,4106,31.7,62.21,621.39,126,79.27,09:10.6,1
102,4107,33.6,69.85,671.56,73,70.15,30:10.6,1
103,4108,33.04,41.35,762.6,51,75.01,47:10.6,1
104,4109,29.81,65.87,844.47,132,76.12,37:10.6,1
105,4110,24.56,64.33,605.32,58,81.97,22:10.6,1
106,4111,33.6,53.11,758.76,86,87.2,01:10.6,1
107,4112,23.17,49.72,1186.13,122,80.83,22:10.6,1
108,4113,24.9,41.61,736.27,93,75.95,13:10.6,1
109,4114,34.64,46.24,922.94,94,71.92,41:10.6,1
110,4115,22.5,49.1,898.93,50,87.02,28:10.6,1
111,4116,32.29,67.21,917.01,91,77.38,31:10.6,1
112,4117,28.08,41.44,929.86,104,75.75,40:10.6,1
113,4118,26.81,61.52,877.06,78,83.48,07:10.6,1
114,4119,33.43,68.77,978.51,101,83.35,41:10.6,1
115,4120,30.63,64.02,861.14,87,69.5,09:10.6,1
116,4121,23.42,64.71,1114.96,86,65.55,39:10.6,1
117,4122,31.83,41.19,1199.62,74,88.74,25:10.6,1
118,4123,33.42,43.97,669.88,99,88.48,44:10.6,1
119,4124,30.49,50.43,861.75,66,75.66,12:10.6,1
120,4125,33.9,53.57,520.74,128,72.22,05:10.6,1
121,4126,33.85,41.24,867.18,108,88.55,12:10.6,1
122,4127,31.88,46.67,553.42,92,87.03,21:10.6,1
123,4128,33.19,46.9,1033.48,70,72.44,20:10.6,1
124,4129,24.53,40.11,874.03,111,87.38,35:10.6,1
125,4130,32.37,69.21,1038.12,142,65.55,37:10.6,1
126,4131,24.81,40.38,563.6,81,87.76,59:10.6,1
127,4132,24.56,67.81,1083.07,94,74.29,59:10.6,1
128,4133,27.52,62.2,416.48,131,86.16,36:10.6,1
129,4134,27.4,52.66,901.32,107,72,19:10.6,1
130,4135,30.87,46.27,987.67,101,69.09,42:10.6,1
131,4136,28.69,40.09,1065.53,119,82.4,09:10.6,1
132,4137,28.95,68.84,1156.24,92,79.98,31:10.6,1
133,4138,23.12,41.56,1157.11,130,72.34,18:10.6,1
134,4139,32.16,52.96,782.39,91,66.69,53:10.6,1
135,4140,26.08,60.84,528.76,88,75.23,34:10.6,1
136,4141,31.46,44.64,1104.68,118,80.27,17:10.6,1
137,4142,34.21,40.23,471.87,59,66.79,31:10.6,1
138,4143,25.34,53.26,1047.24,119,68.14,15:10.6,1
139,4144,32.91,40.32,682.48,134,78.13,38:10.6,1
140,4145,22.72,50.31,597.67,56,84.12,41:10.6,1
141,4146,29.95,66.38,591.38,54,66.61,55:10.6,1
142,4147,26.04,44.99,861.04,54,66.76,21:10.6,1
143,4148,25.17,66.87,614.87,101,84.53,15:10.6,1
144,4149,27.06,60.14,1030.84,137,81.45,10:10.6,1
145,4150,25.23,48.47,441.26,116,70.17,17:10.6,1
146,4151,33.46,49.45,866.9,148,87.91,48:10.6,1
147,4152,34.11,45.24,616.51,63,76.13,51:10.6,1
148,4153,27.2,50.44,780.24,89,70.21,24:10.6,1
149,4154,29.8,55.92,938.2,63,65.05,09:10.6,1
150,4155,27.5,44.86,716.53,59,87.84,16:10.6,1
151,4156,34.17,69.48,1123.27,109,79.52,42:10.6,1
152,4157,26.11,57.55,765.51,103,85.03,33:10.6,1
153,4158,28.09,68.57,402.7,111,66.89,51:10.6,1
154,4159,23.28,63.08,604.11,61,80.7,58:10.6,1
155,4160,22.96,66.87,452.76,127,77.23,46:10.6,1
156,4161,24.27,56.95,462.04,120,69.27,08:10.6,1
157,4162,24.67,59.35,1023.14,136,85.46,47:10.6,1
158,4163,22.45,43.92,467.86,111,68.01,21:10.6,1
159,4164,24.33,60.98,525.09,139,81.58,22:10.6,1
160,4165,25.92,42.4,525.64,123,74.39,28:10.6,1
161,4166,28.28,51.96,736.39,54,73.44,12:10.6,1
162,4167,23.17,45.11,978.18,56,84.27,59:10.6,1
163,4168,28.74,60.03,776.92,121,74.72,37:10.6,1
164,4169,28.3,43.88,481.29,114,78.03,26:10.6,1
165,4170,32.66,55.8,1018.22,133,72.49,00:10.6,1
166,4171,30.14,61.31,732.12,123,71.29,33:10.6,1
167,4172,34.89,45.45,622.63,116,87.66,14:10.6,1
168,4173,25.6,48.26,660.21,62,87.4,20:10.6,1
169,4174,23.72,44.63,713.15,88,83.37,44:10.6,1
170,4175,31.81,46.4,558.13,54,80.37,58:10.6,1
171,4176,34.88,56.71,1022.04,53,83.08,06:10.6,1
172,4177,28.99,56.36,1030.93,68,87.99,14:10.6,1
173,4178,23.72,46.28,445.7,59,82.5,07:10.6,1
174,4179,28.61,49.06,421.32,110,88.53,36:10.6,1
175,4180,26.53,47.44,571.08,61,66.23,02:10.6,1
176,4181,22.27,44.29,1183.79,77,66.22,53:10.6,1
177,4182,29.3,55.04,1139.7,130,78.17,34:10.6,1
178,4183,24.97,53.74,956.27,109,74.89,54:10.6,1
179,4184,23.38,53.26,1031.55,71,77.78,28:10.6,1
180,4185,29.35,65.08,1098.17,117,74.46,47:10.6,1
181,4186,25.29,61.98,1000.7,134,75.19,56:10.6,1
182,4187,28.09,57.56,491.42,88,70.53,01:10.6,1
183,4188,23.94,62.84,992.48,114,86.39,43:10.6,1
184,4189,29.65,41.43,768.43,64,70.48,58:10.6,1
185,4190,25.65,66.7,622.86,116,74.07,27:10.6,1
186,4191,24.61,48.44,679.43,73,76.23,51:10.6,1
187,4192,31.88,46.5,932.2,105,68.59,21:10.6,1
188,4193,24.46,45.71,1001.97,115,73.82,59:10.6,1
189,4194,28.67,56.78,1041.01,102,68.64,08:10.6,1
190,4195,33.22,57.28,683.12,80,86.32,55:10.6,1
191,4196,29.32,41.06,769.71,106,71.46,57:10.6,1
192,4197,22.88,63.02,801.2,65,69.95,07:10.6,1
193,4198,25.67,40.37,966.73,72,77.71,55:10.6,1
194,4199,31.97,60.55,1153.13,70,75.23,59:10.6,1
195,4200,23.67,67.71,785.37,59,66.13,04:10.6,1
196,4201,29,67.81,669.69,59,80.89,01:10.6,1
197,4202,26.43,52.9,593.86,70,75.36,19:10.6,1
198,4203,24.48,61.08,552.95,102,83.63,43:10.6,1
199,4204,34.66,56.81,526.74,130,71.33,10:10.6,1
200,4205,34.14,52.57,534.35,62,82.25,20:10.6,1
201,4206,28.05,56.9,663.09,62,70.23,17:10.6,1
202,4207,27.55,63.23,696.89,117,74.07,08:10.6,1
203,4208,23.38,44.79,1127.6,105,67.18,03:10.6,1
204,4209,23.04,52.81,560.68,134,71.69,36:10.6,1
205,4210,29.73,52.14,416.58,64,78.64,48:10.6,1
206,4211,27.62,44.8,1080.46,65,76.28,51:10.6,1
207,4212,28.08,51.64,759.12,70,77.81,54:10.6,1
208,4213,34.51,60.62,1188.2,116,79.26,26:10.6,1
209,4214,28.07,66.02,1134.79,110,78.14,42:10.6,1
210,4215,30.19,50.68,599.14,67,74.42,44:10.7,1
211,4216,32.41,62.96,448.58,81,84.75,45:10.7,1
212,4217,28.73,66.53,581.32,137,75.76,17:10.7,1
213,4218,28.97,67.33,770.5,109,83.56,56:10.7,1
214,4219,28.15,61.27,1054.06,137,72.13,58:10.7,1
215,4220,28.64,43.4,527.79,110,68.54,21:10.7,1
216,4221,23.59,48.36,523.07,102,68.94,55:10.7,1
217,4222,27.14,54.24,514.62,75,76.21,04:10.7,1
218,4223,31.4,53.83,1014.45,83,72.8,18:10.7,1
219,4224,28.28,45.23,465.66,61,77.04,22:10.7,1
220,4225,23.29,54.6,1053.53,113,75.71,56:10.7,1
221,4226,31.12,46.54,700.73,63,89.7,06:10.7,1
222,4227,22.4,59.29,561.08,127,74.44,18:10.7,1
223,4228,26.98,58.52,547.1,119,66.25,08:10.7,1
224,4229,24.13,61.41,779.83,147,68.34,51:10.7,1
225,4230,23.69,49.11,557.55,134,65.08,27:10.7,1
226,4231,30.17,58.52,1066.64,141,88.44,17:10.7,1
227,4232,24.69,54.66,554.25,60,85.42,07:10.7,1
228,4233,32.11,48.38,902.6,55,73.04,39:10.7,1
229,4234,27.82,60.43,832.56,54,86.28,00:10.7,1
230,4235,25.64,69.12,485.55,104,88.97,05:10.7,1
231,4236,33.06,57.02,487.19,91,72.76,00:10.7,1
232,4237,32.49,67.86,500.92,140,67.34,21:10.7,1
233,4238,26.58,59.71,1135.28,119,89.99,32:10.7,1
234,4239,24.32,50.13,534.92,88,87.61,21:10.7,1
235,4240,33.69,45.54,734.16,145,83.99,20:10.7,1
236,4241,34.6,52.36,1097.31,129,74.56,21:10.7,1
237,4242,23.14,61.51,948.69,124,87.34,55:10.7,1
238,4243,27.85,60.52,516.32,121,82.6,25:10.7,1
239,4244,22.83,46.3,1172.21,93,87.93,56:10.7,1
240,4245,34.66,49.86,789.11,84,72.35,20:10.7,1
241,4246,33.83,64.6,1141.1,68,85.73,29:10.7,1
242,4247,23.04,44.86,530.06,75,73.69,06:10.7,1
243,4248,32.22,59.77,1053.97,144,89.89,57:10.7,1
244,4249,30.02,48.21,415.8,104,76.13,35:10.7,1
245,4250,25.59,40.59,1117.9,140,69.34,45:10.7,1
246,4251,28.24,62.36,737.26,62,77.6,19:10.7,1
247,4252,22.46,57.29,953.18,92,70.13,04:10.7,1
248,4253,31.33,61.61,1198.56,131,68.65,43:10.7,1
249,4254,23.62,49.01,1111.18,99,78.94,31:10.7,1
250,4255,24.37,54.52,1047.21,123,71.55,46:10.7,1
251,4256,31.7,65.27,1049.66,110,67.1,54:10.7,1
252,4257,29.47,62.17,1028.97,92,68.93,42:10.7,1
253,4258,22.25,66.28,545.32,125,71.05,08:10.7,1
254,4259,25.87,59.28,871.44,57,68.25,10:10.7,1
255,4260,27.39,51.3,420.75,145,84.73,13:10.7,1
256,4261,31.55,54.99,491.93,82,75.91,15:10.7,1
257,4262,25.16,51.61,724.43,143,80.91,00:10.7,1
258,4263,34.49,69.38,890.36,99,69.13,20:10.7,1
259,4264,23.46,50.2,1062.83,65,82.34,57:10.7,1
260,4265,24.79,67.48,1041.42,51,77.21,42:10.7,1
261,4266,22.6,49.07,1118.5,95,72.26,35:10.7,1
262,4267,28.24,54.96,1085,54,72.38,29:10.7,1
263,4268,22.78,56.19,845.99,85,85.61,05:10.7,1
264,4269,24.77,69.6,519.58,128,73.8,01:10.7,1
265,4270,27.04,40.97,685.85,79,84.92,37:10.7,1
266,4271,22.4,45.53,574.02,128,80.5,48:10.7,1
267,4272,26.33,46.3,852.43,52,88.51,36:10.7,1
268,4273,30.74,49.21,858.36,134,85.39,10:10.7,1
269,4274,32.28,51.73,791.1,54,71.9,46:10.7,1
270,4275,32.55,53.43,907.54,103,68.66,08:10.7,1
271,4276,28.65,58.15,815.18,98,80.2,09:10.7,1
272,4277,33.51,53.21,679.43,106,68.75,22:10.7,1
273,4278,24.52,51.95,749.43,103,77.67,23:10.7,1
274,4279,28.38,56.28,948.17,74,66.73,44:10.7,1
275,4280,33.5,57.15,798,89,74.35,17:10.7,1
276,4281,33.42,62.8,1137.89,146,71,10:10.7,1
277,4282,30.27,62.67,482.54,145,70.76,30:10.7,1
278,4283,24.68,47.97,1159.07,108,75.18,55:10.7,1
279,4284,24.36,53.55,1057.14,113,81.14,06:10.7,1
280,4285,22.32,59.8,969.22,67,77.08,49:10.7,1
281,4286,34.31,59.78,821.9,60,71.37,57:10.7,1
282,4287,30.58,54.46,838.05,141,66.32,02:10.7,1
283,4288,24.07,47,821.92,96,79.92,08:10.7,1
284,4289,31.57,42.59,465.71,71,78.16,58:10.7,1
285,4290,22.03,53.56,1115.86,66,83.21,52:10.7,1
286,4291,33.05,54.55,943.69,103,69.88,05:10.7,1
287,4292,28.51,59.82,759.62,83,75.49,12:10.7,1
288,4293,23.73,55.3,869.74,52,86.52,45:10.7,1
289,4294,32.34,44.52,1119.64,140,74.17,27:10.7,1
290,4295,26.32,60.22,1081.58,98,65.02,13:10.7,1
291,4296,27.87,68.16,926.35,97,89.39,35:10.7,1
292,4297,26.19,49.17,438.1,99,84.25,01:10.7,1
293,4298,31.79,57.14,462.2,147,78.22,07:10.7,1
294,4299,27.44,68.33,825.24,142,78.24,41:10.7,1
295,4300,25.36,58.02,1014.37,101,89.91,51:10.7,1
296,4301,27.52,49.68,693.84,90,82.01,32:10.7,1
297,4302,32.11,57.26,947.72,100,65.42,22:10.7,1
298,4303,28.13,64.72,721.93,133,72.04,45:10.7,1
299,4304,27.5,64.03,1064.65,118,67.9,59:10.7,1
300,4305,26.65,43.63,480.73,123,67.81,04:10.7,1
301,4306,31.25,62.14,566.97,146,68.1,56:10.7,1
302,4307,30.12,61.16,714.36,120,67.26,13:10.7,1
303,4308,23.45,62.98,1122.61,126,82.8,44:10.7,1
304,4309,25.55,43.87,913.72,60,77.83,37:10.7,1
305,4310,29.51,53.99,407.9,85,71.17,08:10.7,1
306,4311,23.37,41.33,642.84,128,79.47,48:10.7,1
307,4312,23.93,69.25,1134.12,90,83.49,57:10.7,1
308,4313,29.55,60.43,640.92,140,84.48,30:10.7,1
309,4314,22.91,54.07,919.56,102,68.66,23:10.7,1
310,4315,33.91,46.75,635.61,147,86.68,38:10.7,1
311,4316,23.05,44.65,1029.25,83,79.06,46:10.7,1
312,4317,34.75,59.79,630.24,111,80.8,39:10.7,1
313,4318,31.41,51.74,432.18,74,87.59,05:10.7,1
314,4319,29.89,42.75,605.92,96,78.64,27:10.7,1
315,4320,25.47,54.42,674.25,51,69.41,21:10.7,1
316,4321,24.15,57.46,567.16,80,88.04,14:10.7,1
317,4322,33.74,65.29,618.16,96,70.44,10:10.7,1
318,4323,28.95,64.5,586.62,123,75.81,57:10.7,1
319,4324,31.14,44.24,1196.61,86,81.44,06:10.7,1
320,4325,24.12,42.28,791.77,140,76.81,38:10.7,1
321,4326,30.81,51.01,603.79,82,68.24,28:10.7,1
322,4327,25.12,68.84,865.1,106,69.32,20:10.7,1
323,4328,23.06,53.03,435.48,80,73.74,32:10.7,1
324,4329,27.98,63.06,529.63,61,72.83,53:10.7,1
325,4330,28.26,41.87,1040.82,143,72.69,23:10.7,1
326,4331,22.75,54.79,688.28,114,84.58,01:10.7,1
327,4332,33.58,69.39,623.61,68,66.14,09:10.7,1
328,4333,22.03,45.38,487.19,147,87.05,22:10.7,1
329,4334,22.21,51.64,705.52,147,85.31,31:10.7,1
330,4335,28.1,65,861.99,109,75.8,07:10.7,1
331,4336,28.85,63.95,683.81,59,81.02,48:10.7,1
332,4337,34.86,68.21,506.67,101,72.44,50:10.7,1
333,4338,32.12,68.31,867.12,63,88.12,30:10.7,1
334,4339,33.25,54.28,990.72,144,68.7,06:10.7,1
335,4340,23.53,52.82,964.52,138,74.31,46:10.7,1
336,4341,27.01,40.53,793.6,93,66.74,12:10.7,1
337,4342,24.07,69.89,685.46,115,80.46,34:10.7,1
338,4343,24.91,69.64,646.11,134,85.95,34:10.7,1
339,4344,30.19,68.99,661.73,71,89.01,35:10.7,1
340,4345,22.82,66.35,984.83,73,72.07,31:10.7,1
341,4346,23.19,47.12,1172.06,89,88.33,17:10.7,1
342,4347,31.87,69.34,918.45,61,74.6,30:10.7,1
343,4348,28.94,41.28,1124.32,127,74.1,37:10.7,1
344,4349,25.28,69.41,1095.3,73,72.71,33:10.7,1
345,4350,32.03,61.66,662.56,67,87.33,47:10.7,1
346,4351,32.08,42.7,593.3,123,87.49,16:10.7,1
347,4352,23.78,50.03,451.77,64,81.42,23:10.7,1
348,4353,26.01,46.98,1096.94,109,82.4,17:10.7,1
349,4354,27.61,56.12,1195.98,125,80.18,29:10.7,1
350,4355,33.78,69.87,770.75,53,72.02,00:10.7,1
351,4356,24.54,46.53,1067.66,112,67.94,04:10.7,1
352,4357,23.08,67.45,1176.49,68,73.5,41:10.7,1
353,4358,30.81,63.03,590.73,60,71.89,58:10.7,1
354,4359,28.3,56.96,585.4,72,70.15,59:10.7,1
355,4360,32.8,40.77,1168.18,63,84.62,14:10.7,1
356,4361,22.83,61.16,898.69,64,73.17,01:10.7,1
357,4362,33.02,42.48,908.88,100,77.98,30:10.7,1
358,4363,25.82,40.73,919.84,114,80.43,23:10.7,1
359,4364,23.97,41.35,733.29,106,66.23,24:10.7,1
360,4365,31.04,44.81,1187.58,118,80.05,59:10.7,1
361,4366,26.32,66.56,1145.23,73,70.78,33:10.7,1
362,4367,32.19,45.42,924.03,138,71.86,20:10.7,1
363,4368,32.35,52.13,627.13,87,72.28,07:10.7,1
364,4369,24.7,46.95,433.82,61,89.84,15:10.7,1
365,4370,24.79,65.09,568.07,121,84.28,56:10.7,1
366,4371,31.57,65.92,1071.12,130,71.01,25:10.7,1
367,4372,22.66,43.25,1155.67,107,76.4,57:10.7,1
368,4373,28.63,45.45,766.12,67,84.27,09:10.7,1
369,4374,29.49,52.74,786.2,140,68.17,54:10.7,1
370,4375,30.12,49.13,795.36,114,89.08,55:10.7,1
371,4376,29.52,54.4,739.97,129,76.06,36:10.7,1
372,4377,32.16,53.86,757.35,104,86.48,55:10.7,1
373,4378,28.77,50.64,1159.03,141,75.08,39:10.7,1
374,4379,31.16,66.12,928.27,115,71.73,03:10.7,1
375,4380,33.28,61.8,708.77,142,75.4,28:10.7,1
376,4381,30.83,60.11,549.15,101,82.92,41:10.7,1
377,4382,32.64,50.82,1194.96,53,82.36,44:10.7,1
378,4383,22.61,65.05,810.48,144,68.96,36:10.7,1
379,4384,32.46,40.38,1133.36,102,89.06,46:10.7,1
380,4385,32.41,66.46,793.48,129,76.43,04:10.8,1
381,4386,29.13,40.45,645.79,90,89.32,36:10.7,1
382,4387,22.58,59.48,713.9,91,76.18,39:10.7,1
383,4388,34.75,50.25,847.21,72,85.1,09:10.7,1
384,4389,27.22,53.59,727.8,115,89.71,15:10.7,1
385,4390,34.75,57.89,695.67,110,89.04,05:10.7,1
386,4391,27.4,66.03,824.81,56,76.65,44:10.8,1
387,4392,34.66,60.44,503.04,109,84.62,48:10.8,1
388,4393,30.27,43.09,940.19,64,84.87,40:10.8,1
389,4394,27.44,65.69,1144.36,81,71.48,29:10.8,1
390,4395,34.8,56.3,550.06,104,87.01,59:10.8,1
391,4396,32.09,63.9,640.91,52,71.63,44:10.8,1
392,4397,31.64,62.36,944.46,140,66.49,51:10.8,1
393,4398,27.66,48.33,718.84,113,68.64,27:10.8,1
394,4399,24.77,44.27,916.94,53,80.12,10:10.8,1
395,4400,27.24,54.85,957.54,57,89.88,19:10.8,1
396,4401,31.46,59.55,491.04,95,65.89,46:10.8,1
397,4402,23.78,42.15,852.54,147,73.22,21:10.8,1
398,4403,30.24,44.45,894.99,135,78.05,24:10.8,1
399,4404,32.47,47.46,1057.12,132,66.89,43:10.8,1
400,4405,33.99,68.03,866.99,127,76.07,39:10.8,1
401,4406,34.25,66.6,760.7,119,89.23,25:10.8,1
402,4407,23.1,54.1,1175.62,66,81.55,43:10.8,1
403,4408,31.35,42.07,1175.42,104,87.54,16:10.8,1
404,4409,23.88,48.33,508.45,69,73.41,25:10.8,1
405,4410,24.99,43.75,1057.06,128,77.78,08:10.8,1
406,4411,33.52,48.28,1185.82,150,75.92,48:10.8,1
407,4412,25.32,44.74,693.09,93,70.15,11:10.8,1
408,4413,23.98,67.78,1140.65,123,78.74,26:10.8,1
409,4414,24.76,45.01,993.99,118,87.26,30:10.8,1
410,4415,30.86,50.71,618.11,73,65.44,12:10.8,1
411,4416,26.42,45.03,796.8,95,85.06,05:10.8,1
412,4417,22.37,54.38,637.98,69,65.21,14:10.8,1
413,4418,23.31,43.74,445.48,72,67.6,43:10.8,1
414,4419,30.83,46.29,426.27,98,78.77,26:10.8,1
415,4420,32.33,40.33,921.91,116,83.15,18:10.8,1
416,4421,23.71,48.89,684.3,82,85.32,21:10.8,1
417,4422,30.57,49.45,555.51,104,67.85,26:10.8,1
418,4423,33.53,58.58,990.68,148,76.56,51:10.8,1
419,4424,33.08,69.76,1078.6,108,69.66,41:10.8,1
420,4425,30.29,54.72,1165.09,86,80.65,15:10.8,1
421,4426,24.71,49.83,592.84,129,81.44,57:10.8,1
422,4427,22.8,66.51,791.06,83,75.88,02:10.8,1
423,4428,29.67,68.47,1036.65,136,88.61,37:10.8,1
424,4429,28.01,65.88,970.72,91,89.18,46:10.8,1
425,4430,30.25,65.5,957.74,122,81.39,23:10.8,1
426,4431,34.14,61.26,423.72,127,66.57,46:10.8,1
427,4432,27.87,43.52,539.63,67,75.56,59:10.8,1
428,4433,31.9,53.01,702.5,141,65.39,21:10.8,1
429,4434,30.15,55.91,454.57,135,75.78,50:10.8,1
430,4435,23.51,50.17,1167.67,63,72.7,45:10.8,1
431,4436,24.91,56.3,1118.21,83,75.08,12:10.8,1
432,4437,33.6,49.99,955.83,125,68.99,26:10.8,1
433,4438,26.37,66.91,720.48,89,78.28,40:10.8,1
434,4439,26.24,55.06,400.47,96,83.38,03:10.8,1
435,4440,29.49,47.59,1086.24,73,87.82,27:10.8,1
436,4441,25.07,66.64,462.03,135,66.28,50:10.8,1
437,4442,33.24,55.56,423.58,143,69.98,33:10.8,1
438,4443,25.3,51.74,940.53,109,75.19,33:10.8,1
439,4444,29.88,46.08,841.99,147,89.62,39:10.8,1
440,4445,26.87,51.55,475.64,76,84.14,50:10.8,1
441,4446,31.84,57.39,848.64,128,69.53,06:10.8,1
442,4447,31.81,48.16,964.16,141,83.33,51:10.8,1
443,4448,23.48,46.43,1106.22,68,67.48,45:10.8,1
444,4449,22.88,51.13,1071.47,137,88.34,33:10.8,1
445,4450,34.18,44.69,557.7,62,89.56,58:10.8,1
446,4451,26.65,41.24,887.18,120,70.84,50:10.8,1
447,4452,30.12,48.87,1038.75,63,86.1,09:10.8,1
448,4453,22.46,65,440.65,75,76.77,28:10.8,1
449,4454,29.7,47.33,809.9,111,75.07,46:10.8,1
450,4455,25.6,56.67,1155,91,88,21:10.8,1
451,4456,28.96,63.14,694.43,66,76.83,30:10.8,1
452,4457,34.66,41.29,545.29,87,84.69,01:10.8,1
453,4458,27.73,68.92,470.42,105,81.23,38:10.8,1
454,4459,25.61,62.49,573.72,114,76.28,05:10.8,1
455,4460,25.98,46.74,1042.74,104,75.01,16:10.8,1
456,4461,27.14,44.37,1089.26,145,72.53,03:10.8,1
457,4462,30.83,57.73,648.42,66,88.41,58:10.8,1
458,4463,31.8,45.35,1013.93,50,70.98,10:10.8,1
459,4464,30.39,59.09,1165.04,99,86.01,39:10.8,1
460,4465,30.33,49.35,577.33,63,75.42,40:10.8,1
461,4466,33.6,61.62,870.01,148,77.88,58:10.8,1
462,4467,28.19,58.36,888.09,91,66.65,28:10.8,1
463,4468,22.51,47.59,1149.22,79,84.34,38:10.8,1
464,4469,30.89,41.98,768.41,77,76.72,33:10.8,1
465,4470,31.11,60.8,516.87,90,83.37,54:10.8,1
466,4471,34.01,53.32,1188.32,119,88.46,12:10.8,1
467,4472,24.86,66.77,691.98,80,70.36,04:10.8,1
468,4473,22.01,43.88,824.14,100,71.27,15:10.8,1
469,4474,24.76,62.46,666.12,94,86.25,39:10.8,1
470,4475,33.55,67.63,624.16,95,82.79,49:10.8,1
471,4476,30.5,69.18,1030.46,111,89.03,11:10.8,1
472,4477,34.71,40.5,1180.63,88,74.52,25:10.8,1
473,4478,29.24,46.79,482.44,51,86.16,27:10.8,1
474,4479,34,59.55,1079.78,74,67.97,51:10.8,1
475,4480,22.66,59.08,1105.76,140,84.6,17:10.8,1
476,4481,33.39,52.76,488.46,145,65.5,06:10.8,1
477,4482,31.2,41.39,1053.09,110,88.82,13:10.8,1
478,4483,29.33,56.91,946.5,149,79.27,38:10.8,1
479,4484,30.28,63.81,1072.49,82,65.77,29:10.8,1
480,4485,23,50.94,775.8,95,79.25,33:10.8,1
481,4486,27.41,53.92,1132.88,80,78.22,48:10.8,1
482,4487,29.2,47.02,493.09,106,88.1,52:10.8,1
483,4488,29.43,69.14,1058.9,137,72.95,42:10.8,1
484,4489,34.59,53.7,797.36,52,87.27,09:10.8,1
485,4490,30.19,48.73,516.62,57,71.54,16:10.8,1
486,4491,23.54,50.54,692.14,50,87.27,44:10.8,1
487,4492,34,60.69,1033.26,60,82.33,37:10.8,1
488,4493,22.96,41.29,662.43,121,72.81,51:10.8,1
489,4494,33.57,51.11,644.86,150,75.87,42:10.8,1
490,4495,29.57,60.74,649.7,60,73.32,15:10.8,1
491,4496,23.29,62.74,417.45,95,72.73,19:10.8,1
492,4497,33.02,57.12,1131.35,149,81.98,09:10.8,1
493,4498,32.08,64.5,740.15,78,79.26,35:10.8,1
494,4499,23.41,66.66,644.03,83,67.9,41:10.8,1
495,4500,24.77,58.36,864.68,114,78.14,07:10.8,1
496,4501,25.64,64.42,695.99,68,86.86,31:10.8,1
497,4502,32.51,55.76,451.47,134,88.24,47:10.8,1
498,4503,29.41,53.82,861.89,69,88.29,54:10.8,1
499,4504,23.65,64.88,965.34,115,87.11,06:10.8,1
500,4505,28.32,50.32,1081.76,79,86.46,14:10.8,1
501,4506,33.52,42.06,677.38,140,83.61,27:10.8,1
502,4507,34.74,67.65,614.98,95,75.01,01:10.8,1
503,4508,23.44,53.69,919.13,80,78.61,16:10.8,1
504,4509,30.93,55.71,407.02,103,67.18,58:10.8,1
505,4510,23.81,48.24,784.86,70,80.6,50:10.8,1
506,4511,27.32,45.18,838.06,96,84.76,39:10.8,1
507,4512,33.18,57.22,474.6,101,79.67,33:10.8,1
508,4513,26.16,61.3,1020.23,77,70.73,46:10.8,1
509,4514,34.5,54.15,1063.31,113,69.64,37:10.8,1
510,4515,32.8,58.2,402.71,59,81.85,21:10.8,1
511,4516,25.93,54.18,977.62,120,65.71,21:10.8,1
512,4517,25.34,41.8,617.88,103,77.76,22:10.8,1
513,4518,29.98,55.71,1150.31,50,82.34,51:10.8,1
514,4519,34.23,66.68,684.67,71,75.08,54:10.8,1
515,4520,33.49,66.48,850.73,123,76.74,03:10.8,1
516,4521,29.78,52.67,610.85,97,86.62,12:10.8,1
517,4522,25.45,53.51,1036.75,126,84.83,50:10.8,1
518,4523,28.21,62.45,677.22,129,72.65,29:10.8,1
519,4524,27.64,50,837.11,145,77.67,07:10.8,1
520,4525,33.2,51.05,948.05,59,74.63,00:10.8,1
521,4526,25.04,69.41,1091.12,96,84.78,08:10.8,1
522,4527,30.67,44.14,1018.3,114,70.58,23:10.8,1
523,4528,27.44,68.12,690.15,121,83.47,38:10.8,1
524,4529,32.39,41.94,708.94,138,88.23,26:10.8,1
525,4530,34.37,69.07,432.66,113,66.16,53:10.8,1
526,4531,25.16,49.21,541.84,122,74.01,51:10.8,1
527,4532,33.69,40.74,491.69,91,65.76,09:10.8,1
528,4533,29.36,47.09,746.86,137,88.09,32:10.8,1
529,4534,32.45,54.79,784.01,62,71.19,41:10.8,1
530,4535,24.2,54.89,1009.78,145,89.01,48:10.8,1
531,4536,34.76,41.67,885.98,55,89.33,16:10.8,1
532,4537,28.52,56.22,956.77,104,74.55,10:10.8,1
533,4538,29.52,64.63,803.95,82,89.99,37:10.8,1
534,4539,31.94,54.06,607.08,92,80.43,56:10.8,1
535,4540,22.18,63.73,629.09,72,87.59,11:10.8,1
536,4541,23.91,47.49,1094.73,51,69.71,20:10.8,1
537,4542,24.57,67.66,916.93,122,89.31,48:10.8,1
538,4543,28.79,50.9,832.15,97,66.43,03:10.8,1
539,4544,23.37,67.7,838.1,105,75.21,19:10.8,1
540,4545,27.27,62.03,995.24,91,72.35,37:10.8,1
541,4546,22.52,56.02,1107.7,84,68.02,49:10.8,1
542,4547,31.13,53.07,1101.48,83,87.07,04:10.8,1
543,4548,28.02,47.45,1131.64,136,86.5,11:10.8,1
544,4549,34.8,51.38,1116.27,96,75.78,07:10.8,1
545,4550,29.88,68.05,449.34,135,81.96,56:10.8,1
546,4551,32.67,66.05,464.62,115,73.2,27:10.8,1
547,4552,26.94,63.44,561.08,113,68.04,34:10.8,1
548,4553,23.14,65.79,559.33,73,85.5,54:10.8,1
549,4554,22.74,56.43,826.98,69,65.87,49:10.8,1
550,4555,32.39,59.61,442.38,103,67.94,09:10.8,1
551,4556,24.42,57.2,637.93,117,72.93,30:10.8,1
552,4557,26.07,52.17,790.85,114,69.06,28:10.8,1
553,4558,25.16,52.52,986.62,110,68.89,31:10.8,1
554,4559,26.49,63.36,1115.75,106,66.56,00:10.8,1
555,4560,26.4,48.53,680.03,74,70.56,48:10.8,1
556,4561,25.52,47.03,708.52,74,86.77,44:10.8,1
557,4562,22.35,44.43,1083.56,79,69.74,23:10.8,1
558,4563,30.07,60.52,966.05,75,79.1,40:10.8,1
559,4564,24.36,45.07,553.96,96,72.24,16:10.8,1
560,4565,34.4,57.89,986.61,104,67.77,47:10.8,1
561,4566,33.65,61.99,1071.89,88,67.15,43:10.8,1
562,4567,29.5,69.73,480.52,148,66.24,53:10.8,1
563,4568,25.07,65.53,1069.42,103,82.22,05:10.8,1
564,4569,26.6,62.45,1139.24,150,78.95,17:10.8,1
565,4570,23.89,67.55,840.36,133,68.89,41:10.8,1
566,4571,33.96,56.97,523.23,122,87.73,58:10.8,1
567,4572,30.41,57.63,565.79,68,68.81,54:10.8,1
568,4573,33.41,42.44,1019.13,73,78.22,47:10.8,1
569,4574,30.57,60.96,1049.48,102,77.94,41:10.8,1
570,4575,23.14,58.86,871.41,130,70.42,59:10.8,1
571,4576,24.75,43.32,612.33,119,69.33,37:10.8,1
572,4577,33.75,64.75,847.26,81,82.38,10:10.8,1
573,4578,26.48,47.89,444.11,95,78.06,12:10.8,1
574,4579,23.21,45.8,659,69,66.39,33:10.8,1
575,4580,27.74,63.08,1049.53,78,74.4,48:10.8,1
576,4581,27.01,66.51,1043.6,83,79.19,29:10.8,1
577,4582,27.75,41.75,936.47,92,79.17,02:10.8,1
578,4583,22.46,64.73,540.95,52,87.46,35:10.8,1
579,4584,30.97,40.82,792.08,51,69.35,54:10.8,1
580,4585,31.11,48.61,1041.18,120,70.84,32:10.8,1
581,4586,26.49,41.51,527.71,139,84.35,30:10.8,1
582,4587,33.22,48.97,951.93,122,68.04,10:10.8,1
583,4588,23.84,42.83,732.08,124,71.51,51:10.8,1
584,4589,34.24,51.75,683.1,89,65.3,02:10.8,1
585,4590,31.14,53.36,898.88,130,88.01,18:10.8,1
586,4591,25.86,53.27,962.27,125,87.48,32:10.8,1
587,4592,28.2,62.28,479.77,99,67.76,07:10.8,1
588,4593,22.84,68.71,1065.81,130,82.79,38:10.8,1
589,4594,31.01,50.03,839.07,72,85.05,14:10.8,1
590,4595,22.47,62.77,491.75,104,65.04,23:10.8,1
591,4596,25.58,57.05,440.29,117,66.39,22:10.8,1
592,4597,29.11,68.77,1042.57,69,66.74,17:10.8,1
593,4598,31.35,64.11,474.71,126,82.66,49:10.8,1
594,4599,24.02,42.42,694.25,118,83.55,26:10.8,1
595,4600,25.64,40.33,900.77,98,68.89,39:10.8,1
596,4601,22.35,66.81,731.47,109,76.3,46:10.8,1
597,4602,25.87,48.47,1154.78,114,70.17,43:10.8,1
598,4603,22.27,65.71,723.16,115,68.62,00:10.8,1
599,4604,30.76,43.37,835.23,83,84.08,35:10.8,1
600,4605,34.66,51.43,542.27,110,81.46,23:10.8,1
601,4606,28.4,68.88,891.29,132,82.8,22:10.8,1
602,4607,22.54,64.77,985.12,146,85.2,52:10.8,1
603,4608,24.7,57.77,926.59,114,89.55,34:10.8,1
604,4609,23.14,50.31,535.97,81,87.63,45:10.8,1
605,4610,30.47,69.23,1004.37,101,86.36,25:10.9,1
606,4611,26.93,66.67,472.5,52,70.88,37:10.8,1
607,4612,31.38,68.14,429.14,120,74.61,44:10.8,1
608,4613,22.91,51.7,536.58,67,76.16,00:10.8,1
609,4614,32.63,40.93,1081.02,150,74.95,48:10.8,1
610,4615,33.24,56.63,612.88,121,86.08,42:10.9,1
611,4616,31.9,43.81,511.36,143,73.55,45:10.9,1
612,4617,31.98,57.01,611.52,91,87.89,23:10.9,1
613,4618,33.26,69.88,855.3,59,87.09,55:10.9,1
614,4619,30.75,51.39,979.82,75,78.98,30:10.9,1
615,4620,23.41,44.1,1144.62,126,68.54,59:10.9,1
616,4621,29.23,40.45,1196.35,126,87.22,31:10.9,1
617,4622,27.1,57.16,874.86,114,69.21,26:10.9,1
618,4623,22.4,50.65,1186.41,127,87.21,23:10.9,1
619,4624,26.79,67.05,540.43,109,89.38,52:10.9,1
620,4625,29.38,47.05,615.6,119,65.71,03:10.9,1
621,4626,27.84,64.14,568.89,129,69.9,53:10.9,1
622,4627,27.4,43.88,633.56,121,77.13,19:10.9,1
623,4628,22.44,61.25,438.32,93,85.73,02:10.9,1
624,4629,33.83,69.46,413.59,58,86.61,06:10.9,1
625,4630,25.93,55.37,915.74,140,81.14,24:10.9,1
626,4631,27.96,69.35,535.95,145,81.19,47:10.9,1
627,4632,27.17,40.56,748.17,119,71.76,17:10.9,1
628,4633,31.3,54.78,819.68,54,88.65,29:10.9,1
629,4634,32.87,55.43,427.08,56,86.94,39:10.9,1
630,4635,26.28,62.07,540.88,129,82.73,36:10.9,1
631,4636,34.99,65.82,877,109,86.93,23:10.9,1
632,4637,31.26,44.95,774.14,56,68.3,20:10.9,1
633,4638,26.16,51.1,403.3,142,86.51,12:10.9,1
634,4639,22.28,55.11,436.86,109,69.45,30:10.9,1
635,4640,27.02,42.64,1189.9,140,84.08,28:10.9,1
636,4641,28,43.2,912.81,85,85.08,46:10.9,1
637,4642,30.73,54.23,963.54,135,85.47,35:10.9,1
638,4643,27.47,51.41,915.57,146,73.3,21:10.9,1
639,4644,26.7,60.15,620.08,82,70.38,40:10.9,1
640,4645,30.87,60.03,1015.56,99,70.98,41:10.9,1
641,4646,25.61,60.76,807.14,109,82.82,26:10.9,1
642,4647,29,66.26,1125.87,53,75.36,27:10.9,1
643,4648,30.89,63.18,686.13,98,68.03,41:10.9,1
644,4649,27.93,40.62,1020.95,128,77.32,12:10.9,1
645,4650,32.09,51.6,517.05,142,89.54,24:10.9,1
646,4651,26.76,48.44,805.98,98,86.05,15:10.9,1
647,4652,28.82,58.09,518.03,106,65.22,33:10.9,1
648,4653,32.14,57.67,497.45,140,76.68,01:10.9,1
649,4654,31.35,41.29,688.31,59,69.5,58:10.9,1
650,4655,22.43,43.28,516.59,138,73.58,04:10.9,1
651,4656,31.83,48.8,575.14,88,78.47,29:10.9,1
652,4657,25.94,42.17,415.41,80,77.9,36:10.9,1
653,4658,34.87,62.33,998.98,97,68.13,00:10.9,1
654,4659,25.9,65.14,529,122,82.42,03:10.9,1
655,4660,27.83,66.21,993.8,144,71.21,33:10.9,1
656,4661,28.51,51.73,1199.16,71,81.79,23:10.9,1
657,4662,23.02,45.38,700.89,138,70.86,49:10.9,1
658,4663,34.05,63.89,931.58,144,69.76,47:10.9,1
659,4664,24.69,42.81,1189.02,125,72.84,16:10.9,1
660,4665,25.66,40.54,672.76,130,77.34,10:10.9,1
661,4666,27.01,61.79,1048.88,136,76.71,29:10.9,1
662,4667,27.83,63.18,605.97,101,71.89,58:10.9,1
663,4668,31.29,67.05,1120,148,74.53,19:10.9,1
664,4669,23.78,50.42,838.14,117,85.94,21:10.9,1
665,4670,23.84,46.25,511.78,131,83.09,31:10.9,1
666,4671,30.78,57.8,425.13,120,83.27,45:10.9,1
667,4672,25.39,55.38,674.31,97,69.01,17:10.9,1
668,4673,24.68,50.35,479.85,57,79.12,19:10.9,1
669,4674,28.79,64.86,621.78,136,72.58,40:10.9,1
670,4675,25.68,57.94,985.61,133,68.1,08:10.9,1
671,4676,29.77,56.64,983,141,71.12,48:10.9,1
672,4677,28.3,44.85,830.47,110,85.29,01:10.9,1
673,4678,30.56,46.93,508.44,119,72.58,44:10.9,1
674,4679,23.95,55.45,771.77,86,87.48,24:10.9,1
675,4680,31.95,63.39,701.76,83,76.22,39:10.9,1
676,4681,34.44,58.7,892.55,109,86.61,16:10.9,1
677,4682,26.25,48.66,836.33,148,75.01,05:10.9,1
678,4683,33.45,60.52,707.88,57,78.18,25:10.9,1
679,4684,23.19,46.8,652.03,72,81.36,14:10.9,1
680,4685,27.8,61.17,1015.1,100,72.56,25:10.9,1
681,4686,32.43,64.89,1034.56,63,66.25,22:10.9,1
682,4687,30.76,55.9,990.1,95,68.6,34:10.9,1
683,4688,25.62,57.21,720.51,54,72.85,05:10.9,1
684,4689,34.7,68.12,783.46,145,85.31,23:10.9,1
685,4690,26.69,47.75,1012.83,148,87.17,42:10.9,1
686,4691,31.22,44.86,477.46,77,81.98,56:10.9,1
687,4692,26.99,56.56,631.29,142,67.98,29:10.9,1
688,4693,29.45,53.15,422.87,124,88.58,49:10.9,1
689,4694,26.62,63.61,594.03,55,69.31,56:10.9,1
690,4695,24.78,41.52,782.63,74,84.62,22:10.9,1
691,4696,25.4,65.46,829.14,135,77.61,09:10.9,1
692,4697,32.21,64.79,1095.34,79,68.21,44:10.9,1
693,4698,26.47,67.55,1129.25,125,66.37,57:10.9,1
694,4699,31.44,63.74,800.9,102,70.55,55:10.9,1
695,4700,26.34,58.52,1027.74,139,70.92,12:10.9,1
696,4701,26.09,61.67,597.68,144,79.08,42:10.9,1
697,4702,32.3,56.38,1020.58,138,72.85,12:10.9,1
698,4703,34.55,63.6,651.31,121,82.62,44:10.9,1
699,4704,28.01,67.45,498.02,67,75.23,19:10.9,1
700,4705,26.38,59.37,958.04,147,67.42,58:10.9,1
701,4706,27.01,50.13,513.62,120,81.36,42:10.9,1
702,4707,28.43,66.53,890.97,70,83.68,11:10.9,1
703,4708,23.68,63.11,750.83,94,87.98,05:10.9,1
704,4709,22.48,49.91,670.45,105,88.18,32:10.9,1
705,4710,30.57,58.56,600.31,90,82.57,35:10.9,1
706,4711,26.78,44.54,1165.77,118,89.41,33:10.9,1
707,4712,34.52,50.53,809.14,107,87.1,01:10.9,1
708,4713,33.37,54.59,910.04,66,89.02,52:10.9,1
709,4714,27.09,42.38,830.35,96,67.02,12:10.9,1
710,4715,25.52,63.51,612.34,52,78.87,15:10.9,1
711,4716,33.77,49.58,855.12,85,82.66,08:10.9,1
712,4717,23.12,53.84,543.44,131,80.5,24:10.9,1
713,4718,22.82,41.35,438.74,145,65.04,03:10.9,1
714,4719,33.49,40.26,761.23,94,65.18,50:10.9,1
715,4720,31.82,66.36,848.4,150,72.13,13:10.9,1
716,4721,33.64,57.87,642.2,88,70.51,22:10.9,1
717,4722,26.95,62.48,1089.15,55,81.85,02:10.9,1
718,4723,27.8,66.08,584.85,120,69,14:10.9,1
719,4724,24.77,45.7,987.22,125,78.94,01:10.9,1
720,4725,31.29,55.81,770.72,99,66.99,20:10.9,1
721,4726,34.57,67.12,863.88,137,73.43,19:10.9,1
722,4727,30.61,61.85,822.37,102,68.6,41:10.9,1
723,4728,31.33,63.5,680.08,111,71.23,34:10.9,1
724,4729,22.58,52.54,584.39,63,66.92,17:10.9,1
725,4730,30.02,44.67,917.26,125,89.32,27:10.9,1
726,4731,22.3,53.78,635.36,55,82.12,25:10.9,1
727,4732,32.24,67.63,990.17,104,73.67,08:10.9,1
728,4733,31.7,56.06,419.24,65,85.88,30:10.9,1
729,4734,23.69,45.64,960.43,96,74.06,34:10.9,1
730,4735,31.09,42.28,829.87,118,77.69,43:10.9,1
731,4736,27.04,65.88,748.98,79,67.77,54:10.9,1
732,4737,29.65,63.32,590.9,124,88.06,04:10.9,1
733,4738,34.82,68.06,441.92,128,69.04,50:10.9,1
734,4739,27.18,45.78,1038.5,70,89.27,01:10.9,1
735,4740,31.49,44.83,723.45,109,65.44,24:10.9,1
736,4741,24.34,55.68,1170.06,111,75.61,04:10.9,1
737,4742,27.81,67.63,506.43,147,84.14,22:10.9,1
738,4743,30.8,41.83,478.13,70,68.11,04:10.9,1
739,4744,31.91,45.58,868.98,117,89.44,55:10.9,1
740,4745,25.66,46.89,1063.4,80,71.42,31:10.9,1
741,4746,25.2,50.92,850.93,68,87.11,17:10.9,1
742,4747,26.06,48.57,471.13,77,73.53,59:10.9,1
743,4748,27.52,58.61,711.05,87,84.6,40:10.9,1
744,4749,28.85,49.33,624.14,75,85.59,47:10.9,1
745,4750,34.29,58.57,532.14,82,71.75,54:10.9,1
746,4751,29.85,60.59,650.84,107,68.9,10:10.9,1
747,4752,26.61,49.32,913.59,124,81.54,08:10.9,1
748,4753,32.35,61.73,926.78,83,67.69,31:10.9,1
749,4754,32.22,61.12,1184.85,57,84.49,10:10.9,1
750,4755,30.81,63.71,919.52,101,73.22,01:10.9,1
751,4756,23,64.69,685.87,95,72.7,09:10.9,1
752,4757,32.04,41.35,1154.93,95,89.19,02:10.9,1
753,4758,29.06,65.85,785.29,126,86.07,15:10.9,1
754,4759,34.93,46.24,1190.81,100,87.67,17:10.9,1
755,4760,33.37,63.47,1005.44,136,81.66,12:10.9,1
756,4761,26.13,57.85,580.95,58,84.07,06:10.9,1
757,4762,30.26,58.93,717.25,114,67.09,40:10.9,1
758,4763,25.76,61.24,648.35,57,88.22,32:10.9,1
759,4764,22.55,42.96,965.92,90,68.68,59:10.9,1
760,4765,24.98,58.1,606.93,104,87.4,02:10.9,1
761,4766,27.29,68.28,863.5,65,78.59,44:10.9,1
762,4767,30.12,50.85,1067.08,122,69.06,09:10.9,1
763,4768,25.62,47.87,1092.04,141,81.65,00:10.9,1
764,4769,31.17,60.75,1094.64,139,75.47,37:10.9,1
765,4770,27.66,44.81,886.64,103,78.85,43:10.9,1
766,4771,24.32,49.16,952.86,71,85.24,36:10.9,1
767,4772,31.52,57.57,509.18,87,81.36,53:10.9,1
768,4773,25.9,42.29,721.31,112,76.82,20:10.9,1
769,4774,33.32,57.78,1064.66,71,65.15,43:10.9,1
770,4775,23.4,42.95,973.93,104,76.12,26:10.9,1
771,4776,25.11,55.39,413.61,95,73.36,19:10.9,1
772,4777,26.71,54.93,915,61,76.49,58:10.9,1
773,4778,28.85,64.08,796.13,96,72.87,42:10.9,1
774,4779,23.41,51.94,758.9,130,82.98,47:10.9,1
775,4780,26.68,60.39,654.9,65,70.46,19:10.9,1
776,4781,33.66,53,840.26,86,70.74,34:10.9,1
777,4782,26.93,50.76,1181.16,138,74.08,28:10.9,1
778,4783,33.59,44.27,959.08,51,82.24,26:10.9,1
779,4784,22.97,69.82,989.58,91,82.36,28:10.9,1
780,4785,31.76,69.54,1012.14,113,84.47,31:11.0,1
781,4786,24.25,60.19,920.12,51,68.72,06:10.9,1
782,4787,23.19,53.9,1109.54,108,74.88,00:10.9,1
783,4788,23.22,62.59,1104.1,54,70.91,27:11.0,1
784,4789,31.82,66.8,752.57,90,75.24,42:11.0,1
785,4790,29.31,56.92,976.49,90,79.39,51:11.0,1
786,4791,28.84,43.2,1141.33,92,82.96,26:11.0,1
787,4792,32.26,61.81,808.65,88,89.69,53:11.0,1
788,4793,26.83,45.57,563.48,99,89.84,52:11.0,1
789,4794,31.53,63.43,477.56,71,83.83,03:11.0,1
790,4795,23.15,57.44,617.98,87,69.52,11:11.0,1
791,4796,27.41,51.53,706.71,94,71.47,09:11.0,1
792,4797,32.52,41.22,1125.74,90,76.6,59:11.0,1
793,4798,25.83,45.04,920.47,65,73.38,26:11.0,1
794,4799,33.66,44.44,685.51,51,85.12,58:11.0,1
795,4800,28.28,43.24,999.25,101,88.62,43:11.0,1
796,4801,32.07,40.28,663.65,147,67.44,22:11.0,1
797,4802,29.16,40.65,991.34,99,77.71,45:11.0,1
798,4803,33.17,69.25,437.6,52,78.9,11:11.0,1
799,4804,34.93,45.29,499.2,118,87.61,40:11.0,1
800,4805,24.89,67.94,1048.54,130,66.54,57:11.0,1
801,4806,30.89,47.45,638.26,96,82.96,11:11.0,1
802,4807,27.4,57.6,604.69,73,70.17,35:11.0,1
803,4808,25.15,40.84,478.14,63,73.5,03:11.0,1
804,4809,26.29,41.75,716.08,67,74.59,51:11.0,1
805,4810,25.64,56.41,682.19,138,85.78,59:11.0,1
806,4811,30.81,50.64,968.95,102,78.39,14:11.0,1
807,4812,33.69,66.46,987.59,74,70.5,04:11.0,1
808,4813,32.75,40.92,803.87,93,85.44,22:11.0,1
809,4814,25.6,56.66,885.9,130,83.98,35:11.0,1
810,4815,34.95,57.92,405.78,139,76.86,42:11.0,1
811,4816,22.91,64.61,1154.9,145,67.67,22:11.0,1
812,4817,32.22,63.76,547.96,60,78.81,08:11.0,1
813,4818,27.55,46.63,828.07,150,75.1,32:11.0,1
814,4819,31.11,44.22,1176.16,147,79.31,06:11.0,1
815,4820,28.81,44.47,1146.28,78,68.8,07:11.0,1
816,4821,26.19,67.96,579.85,77,70.78,05:11.0,1
817,4822,28.07,58.66,654.89,89,69.97,25:11.0,1
818,4823,30.92,46.19,770.07,77,87.15,22:11.0,1
819,4824,23.09,56.95,657.87,102,78.31,33:11.0,1
820,4825,33.01,52.63,463.42,134,79.68,47:11.0,1
821,4826,31.85,46.77,765.98,106,80.12,12:11.0,1
822,4827,23.27,64.45,1145.09,78,65.97,00:11.0,1
823,4828,22.27,57.05,1118.67,109,80.62,32:11.0,1
824,4829,33.33,69.85,401.45,93,65.39,04:11.0,1
825,4830,28.68,44.88,659.02,76,73.34,06:11.0,1
826,4831,28.21,49.27,1011.67,108,86.37,15:11.0,1
827,4832,26.23,54.45,869.42,64,89.75,23:11.0,1
828,4833,25.52,63.49,400.08,109,77.62,48:11.0,1
829,4834,25.01,48.57,1022.53,146,80.6,44:11.0,1
830,4835,28.55,41.59,536.83,83,80.37,30:11.0,1
831,4836,32.9,41.08,524.65,148,67.79,02:11.0,1
832,4837,34.76,69.42,1110.05,80,84.39,40:11.0,1
833,4838,30.16,61.45,669.62,115,67.38,39:11.0,1
834,4839,24.76,69.38,1032.33,144,80.35,03:11.0,1
835,4840,33.58,54.67,1157.23,62,88.92,45:11.0,1
836,4841,25.25,44.77,747.28,102,74.23,31:11.0,1
837,4842,28.65,62.96,774.26,81,75.44,23:11.0,1
838,4843,26.82,52.64,624.4,74,84.94,38:11.0,1
839,4844,22.17,57.07,1012.37,57,77,46:11.0,1
840,4845,27.67,50.22,796.11,68,77.06,38:11.0,1
841,4846,24.7,43.75,738.73,117,65.05,45:11.0,1
842,4847,28.27,51,840.29,126,68.32,18:11.0,1
843,4848,34.73,40.29,689.43,101,70.74,23:11.0,1
844,4849,32.94,58.98,678.76,57,76.85,48:11.0,1
845,4850,33.46,46.11,727.13,146,77.32,49:11.0,1
846,4851,25.34,57.54,792.41,128,67.59,41:11.0,1
847,4852,35,67.86,629.91,70,73.56,46:11.0,1
848,4853,25.17,54.58,533.4,135,86.6,56:11.0,1
849,4854,28.94,67.88,467.84,55,84.16,07:11.0,1
850,4855,25.96,44.35,655.26,96,81.72,36:11.0,1
851,4856,27.41,43.95,909.06,85,77.28,56:11.0,1
852,4857,28.7,67.58,779.23,80,79.99,28:11.0,1
853,4858,29.69,62.62,995.07,140,85.65,18:11.0,1
854,4859,30.61,64.46,691.58,143,89.61,35:11.0,1
855,4860,29.23,45.96,1028.3,96,86.49,22:11.0,1
856,4861,34.43,45.49,1034.61,150,81.91,09:11.0,1
857,4862,33.86,46.21,695.97,81,88.31,18:11.0,1
858,4863,27.06,49.39,429.15,127,83.4,50:11.0,1
859,4864,29.45,52.95,834.04,136,79.26,37:11.0,1
860,4865,29.44,47.42,456.6,100,82.93,05:11.0,1
861,4866,23.08,55.69,623.25,138,75.5,21:11.0,1
862,4867,30.75,46.69,473.78,121,79.43,15:11.0,1
863,4868,34.92,54.4,426.23,52,67.98,45:11.0,1
864,4869,29.75,47.5,819.48,138,80.72,09:11.0,1
865,4870,27.96,54.09,1032.58,71,75.36,05:11.0,1
866,4871,25.88,63.75,766.09,126,82.01,58:11.0,1
867,4872,29.76,40.3,542.3,87,74.48,08:11.0,1
868,4873,25.73,50.89,603.71,58,85.66,43:11.0,1
869,4874,28.12,50.26,769.71,136,85.14,55:11.0,1
870,4875,22.26,44.44,805.38,100,84.63,14:11.0,1
871,4876,28.69,52.54,657.87,88,68.85,32:11.0,1
872,4877,28.97,58.24,783.13,96,68.93,46:11.0,1
873,4878,31.15,59.99,891.66,91,70,03:11.0,1
874,4879,34.47,49.34,885.54,146,74.47,35:11.0,1
875,4880,34.55,51.69,527.04,131,74.78,03:11.0,1
876,4881,34.5,41.43,1193.82,59,82.88,19:11.0,1
877,4882,25.4,41.45,966.86,99,73.35,42:11.0,1
878,4883,31.22,61.43,675.38,82,73.71,47:11.0,1
879,4884,23.79,65.37,466.87,138,70.3,41:11.0,1
880,4885,24.11,52.01,513.38,89,75.4,17:11.0,1
881,4886,32.51,65.06,546.6,103,74.45,22:11.0,1
882,4887,28.17,58.57,909.6,76,78,44:11.0,1
883,4888,28.03,55.74,758.35,67,83.34,15:11.0,1
884,4889,27.23,60.19,754.79,119,67.16,31:11.0,1
885,4890,27.33,56.05,403.08,116,75.32,55:11.0,1
886,4891,30.36,53.37,857.69,111,73.9,50:11.0,1
887,4892,22.85,57.97,805.71,86,76.77,59:11.0,1
888,4893,32.44,54.92,720.94,148,89.98,19:11.0,1
889,4894,33.13,44.67,763.5,72,68.24,24:11.0,1
890,4895,31.06,57.99,1096.24,148,85.84,50:11.0,1
891,4896,22.41,64.22,585.88,148,77.83,05:11.0,1
892,4897,29.61,45.3,829.94,115,82.7,02:11.0,1
893,4898,22.76,47.71,723.94,62,71.83,55:11.0,1
894,4899,33.06,59.12,689.54,59,65.84,05:11.0,1
895,4900,29.16,61.21,1077.97,129,82.31,22:11.0,1
896,4901,30.52,51.69,930.95,98,85.51,08:11.0,1
897,4902,33.91,53.92,856.67,63,67.61,46:11.0,1
898,4903,32.03,54.55,652.12,76,80.81,43:11.0,1
899,4904,28.26,67.52,1195.09,124,71,13:11.0,1
900,4905,24.39,40.84,765.89,70,72.88,11:11.0,1
901,4906,25.73,67.02,483.7,72,69.52,28:11.0,1
902,4907,23.95,48.82,827.41,105,72.27,06:11.0,1
903,4908,30.45,45.11,685.39,96,68.81,06:11.0,1
904,4909,29.96,55.84,1048.5,113,75.94,04:11.0,1
905,4910,22.34,57.23,742.07,67,75.75,07:11.0,1
906,4911,23.87,56.48,1110.07,58,89.17,12:11.0,1
907,4912,31.9,69.22,453.67,103,87.38,07:11.0,1
908,4913,23.58,48.72,850.78,118,69.64,30:11.0,1
909,4914,24.26,53.36,1127.77,132,87.19,55:11.0,1
910,4915,33.62,46.28,461.55,58,65.36,39:11.0,1
911,4916,32.27,65.79,503.55,139,79.28,02:11.0,1
912,4917,28.5,69.15,948.26,113,76.53,06:11.0,1
913,4918,31.54,49.69,617.86,124,76.09,08:11.0,1
914,4919,34.93,53.85,1114.31,90,75.6,39:11.0,1
915,4920,29.53,65.36,935.96,144,68.29,04:11.0,1
916,4921,27,69.99,875.17,85,87.41,03:11.0,1
917,4922,31.89,54.11,910.81,76,67.63,48:11.0,1
918,4923,31.85,55.26,839.17,65,68.51,48:11.0,1
919,4924,31.32,42.8,735,134,66.8,52:11.0,1
920,4925,23.8,64.88,423.27,111,69.34,09:11.0,1
921,4926,25.9,41.37,953.85,134,72.8,20:11.0,1
922,4927,28.99,69.06,910.34,106,69.71,10:11.0,1
923,4928,27.13,51.25,989.86,95,71.61,26:11.0,1
924,4929,34.07,46.15,1069.3,80,85.43,10:11.0,1
925,4930,24.67,68.37,511.62,76,78.96,39:11.0,1
926,4931,28.27,46.2,814.95,62,68.84,35:11.0,1
927,4932,26.73,49.44,1059.88,129,79.13,40:11.0,1
928,4933,31.77,48.35,474.56,133,88.12,00:11.0,1
929,4934,27.49,49.77,923.38,69,78.6,29:11.0,1
930,4935,30.13,41.95,510.04,74,67.57,24:11.0,1
931,4936,31.78,47.32,946.58,83,88.34,47:11.0,1
932,4937,25.31,55.69,814.59,56,66.88,19:11.0,1
933,4938,22.82,58.56,1044.11,120,68.68,08:11.0,1
934,4939,32.19,44.89,1014.95,128,79.15,52:11.0,1
935,4940,22.44,65.95,713.25,56,75.16,04:11.0,1
936,4941,27.85,62.95,577.35,117,82.92,26:11.0,1
937,4942,27.39,60.25,1188.92,115,85.01,21:11.0,1
938,4943,23.43,58.85,1180.4,75,71.64,58:11.0,1
939,4944,22.09,59.12,985.32,104,83.58,32:11.0,1
940,4945,32.15,66.06,1075.07,102,81.29,52:11.0,1
941,4946,31.24,53.02,737.28,131,72.59,58:11.0,1
942,4947,28.2,62.19,1173.91,125,84.83,51:11.0,1
943,4948,31.86,58.82,596.52,131,74.73,49:11.0,1
944,4949,23.27,46.32,467.88,103,68.72,48:11.0,1
945,4950,26.44,45.12,524.53,105,71.59,18:11.0,1
946,4951,30.59,65.68,556.79,142,88.48,12:11.0,1
947,4952,34.78,52.59,556.62,53,69.18,15:11.0,1
948,4953,28.59,63.3,457.7,72,89.72,35:11.0,1
949,4954,30.43,41,617.71,121,79.13,59:11.0,1
950,4955,23.19,52.48,606.19,141,70.59,35:11.0,1
951,4956,31.44,57,1088.94,109,68.11,56:11.0,1
952,4957,26.79,67.36,810.83,92,65.13,32:11.0,1
953,4958,23.82,62.87,558.16,145,82.37,04:11.0,1
954,4959,31.68,42.6,956.07,76,88.83,15:11.0,1
955,4960,31.36,50.9,666.85,60,75.74,31:11.0,1
956,4961,31.97,48.71,1145.62,86,77.6,04:11.0,1
957,4962,33.26,41.91,1066.88,129,81,37:11.0,1
958,4963,26.14,41.13,640.47,137,69.22,24:11.0,1
959,4964,31.78,46.94,975.69,80,86.59,53:11.0,1
960,4965,24.38,42.87,650.59,121,83.05,53:11.0,1
961,4966,33.75,54.61,889.37,78,81.69,08:11.0,1
962,4967,32.81,44.79,1199.23,148,72.06,59:11.0,1
963,4968,32.62,43.74,567.68,69,85.1,45:11.0,1
964,4969,26.73,49.18,412.49,75,66.72,30:11.0,1
965,4970,27.59,59.2,682.85,71,70.91,54:11.0,1
966,4971,25.38,68.44,826.75,148,87.99,58:11.0,1
967,4972,29.57,47.01,889.53,122,83.35,02:11.0,1
968,4973,31.23,57.02,717.51,142,69.75,48:11.0,1
969,4974,25.99,41.86,848.2,71,71.48,17:11.0,1
970,4975,28.74,48.51,680.18,88,80.17,57:11.0,1
971,4976,30.32,51.04,1088.77,143,68.97,09:11.0,1
972,4977,32.19,56.21,1090.27,125,69.18,34:11.0,1
973,4978,32.84,55.88,876.08,77,65.54,58:11.0,1
974,4979,26.62,50.17,1130.02,109,86.77,27:11.0,1
975,4980,23.97,63.91,718.51,55,66.35,13:11.0,1
976,4981,29.67,58.47,632.6,113,67.73,26:11.0,1
977,4982,26.06,42.5,662.12,65,68.71,02:11.0,1
978,4983,28.42,68.28,626,145,78.37,57:11.0,1
979,4984,32.16,65.69,427.98,110,70.16,23:11.1,1
980,4985,32.79,64.25,882.51,50,79.25,00:11.1,1
981,4986,26.32,60.57,842.67,55,69.11,18:11.1,1
982,4987,30.2,61.07,1151.11,92,78.48,20:11.1,1
983,4988,33.68,60.39,922.99,112,78.96,27:11.1,1
984,4989,24.61,52.22,1102,65,71.37,53:11.1,1
985,4990,27.63,47.49,980.39,98,88.91,53:11.1,1
986,4991,26.67,61.27,464.54,132,88.89,05:11.1,1
987,4992,25.37,63.76,870.95,117,75.02,32:11.1,1
988,4993,27.71,45.4,1177.89,98,75.08,59:11.1,1
989,4994,23.08,41.81,749.71,137,83.72,03:11.1,1
990,4995,27.95,46.14,831.74,51,70.92,03:11.1,1
991,4996,27.77,48.07,987.68,62,77.23,27:11.1,1
992,4997,31.21,60.97,806.87,112,83.62,27:11.1,1
993,4998,31.09,40.57,1016.53,147,65.73,44:11.1,1
994,4999,23.97,55.74,1054.21,102,86.87,05:11.1,1
995,5000,25.55,45.49,455.4,95,71.71,22:11.1,1
996,5001,33.55,65.63,880.85,127,73.95,43:11.1,1
997,5002,26.14,53.72,959.36,60,71.5,03:11.1,1
998,5003,22.42,47.49,443.95,122,82.57,42:11.1,1
999,5004,24,57.71,734.4,85,69.37,32:11.1,1
1000,5005,34.37,55.09,995.73,102,77.3,22:11.1,1
